relative_path	sha256	producer_raw	profile	profile_version	stratum	selection_seed	selection_reason	page_count	overlay	candidate_status	cut_len	crease_len	cov_cut	cov_crease	dist_cut	dist_crease	ambiguous_len	unassigned_len	other_structural	other_colors	component_count	n_up_guess	reviewer_id	reviewed_at	cut_clean	cut_complete	crease_clean	crease_complete	other_structural_missing	complete_net	n_up_actual	component_count_actual	audit_pass	failure_reason	notes	expert_box_type	expert_is_custom	expert_style_confidence
test/uploads/090123_032852-361792.pdf	0525d38a051f4c8ca3ae878db049f22965b3f215d8c3f188791e87d16b862e35	Adobe PDF library 16.07	adobe_ocg_v1	adobe_ocg_v1	single|lo|onepg|oc1	stageA_v1_sha256order	threshold_near	1	adobe_01_0525d38a.png	extracted	4934	2005	0.092	0.038	0.0	0.0	0	1691	1	(0.44, 0.44, 0.7):1322;(0.74, 0.83, 0.9):231;(0.93, 0.11, 0.14):138;(0.05, 0.17, 0.26):0;(0.02, 0.17, 0.28):0	5	1																
test/uploads/130623_042245-632696.pdf	05884474887355a3dbede69dad4159a77f2c80dd24e1e6ca8b14ebf7ced52112	Adobe PDF library 16.07	adobe_ocg_v1	adobe_ocg_v1	single|lo|onepg|oc1	stageA_v1_sha256order	threshold_near	1	adobe_02_05884474.png	extracted	5218	2523	0.071	0.034	0.0	0.0	0	8908	1	(0.0, 0.68, 0.94):7928;(0.44, 0.44, 0.7):934;(0.7, 0.9, 0.98):45	53	1																
test/uploads/080923_123720-228957.pdf	081900050caa0eeda50a2a052dd4f03431efad908ef4ada85a4f7bff6cfab519	Adobe PDF library 17.00	adobe_ocg_v1	adobe_ocg_v1	single|lo|onepg|oc0	stageA_v1_sha256order	threshold_near	1	adobe_03_08190005.png	extracted	4267	3604	0.037	0.031	0.0	0.0	0	1173	0	(0.44, 0.44, 0.7):1015;(0.18, 0.19, 0.57):158	21	1																
test/uploads/110823_130031-141626.pdf	082a5c4b9d5263d60f59043785d56350b6c8b3fc3ec6a15e5598248275822258	Adobe PDF library 16.07	adobe_ocg_v1	adobe_ocg_v1	single|lo|onepg|oc1	stageA_v1_sha256order	threshold_near	1	adobe_04_082a5c4b.png	extracted	5566	3285	0.069	0.041	0.0	0.0	0	18708	1	(0.0, 0.68, 0.94):17913;(0.44, 0.44, 0.7):794	2	1																
test/uploads/111122_011725-689866.pdf	0a5addc1830e557574c56db8e30acc9b501e5830ab0939be5f32bde7b6bace93	Adobe PDF library 15.00	adobe_ocg_v1	adobe_ocg_v1	nup|mid|onepg|oc1	stageA_v1_sha256order	threshold_near	1	adobe_05_0a5addc1.png	extracted	27219	2518	0.351	0.032	0.0	0.0	0	5636	1	(0.0, 0.6, 0.51):5636	707	10																
test/uploads/130623_042255-871592.pdf	0b9563b62829e27792aab210f5f6a6e71f3f9abb63d6a7219cd1c34897910ae4	Adobe PDF library 16.07	adobe_ocg_v1	adobe_ocg_v1	single|lo|onepg|oc1	stageA_v1_sha256order	threshold_near	1	adobe_06_0b9563b6.png	extracted	5218	2523	0.071	0.035	0.0	0.0	0	8908	1	(0.0, 0.68, 0.94):7928;(0.44, 0.44, 0.7):934;(0.7, 0.9, 0.98):45	53	1																
test/uploads/F009606 ENC1028-1EN Tuna With Salmon 16x70g Tin SRP Cover 100472_250522_170910.pdf	120540d6c251a494307d297ca543ad3aa4982d900b421dddd54b4c11139cf15c	Adobe PDF library 16.03	adobe_ocg_v1	adobe_ocg_v1	single|lo|onepg|oc1	stageA_v1_sha256order	threshold_near	1	adobe_07_120540d6.png	extracted	4080	1632	0.103	0.041	0.0	0.0	0	1418	1	(0.44, 0.44, 0.7):1280;(0.93, 0.0, 0.55):138	5	1																
test/uploads/030323_072740-989488.pdf	13171f3a7970f160353d33cdcbf7b28a38d1c74cbd23d0e9202ef8df70405c37	Adobe PDF library 16.07	adobe_ocg_v1	adobe_ocg_v1	single|lo|onepg|oc1	stageA_v1_sha256order	threshold_near	1	adobe_08_13171f3a.png	extracted	4934	2004	0.092	0.038	0.0	0.0	0	1691	1	(0.44, 0.44, 0.7):1322;(0.74, 0.83, 0.9):231;(0.93, 0.11, 0.14):138;(0.02, 0.17, 0.28):0	5	1																
test/uploads/210123_023140-686120.pdf	1849a1d97c7cd61b4620edd116b8374af494a9e73ce2d1a8aa11420f869870fb	Adobe PDF library 15.00	adobe_ocg_v1	adobe_ocg_v1	nup|lo|onepg|oc1	stageA_v1_sha256order	threshold_near	1	adobe_09_1849a1d9.png	extracted	36104	5756	0.211	0.034	0.0	0.0	0	15089	1	(0.0, 0.6, 0.51):13691;(1.0, 0.82, 0.0):869;(0.0, 0.59, 0.24):530	662	4																
test/uploads/220323_062859-733147.pdf	0036aeb70091aa75441294566585ad948bd60dcdf6a02e929d16919969c12193	Adobe PDF library 17.00	adobe_ocg_v1	adobe_ocg_v1	nup|hi|onepg|oc0	stageA_v1_sha256order	negative_control_partial	1	adobe_10_0036aeb7.png	partial	81065	0	0.939	0.0	0.0	0.0	0	0	0		76	10																
test/uploads/170823_185031-331941.pdf	01010c82bfb44415d62301378b96dfbde1ac3ef5ef72207de7b0112449e57226	Adobe PDF library 15.00	adobe_ocg_v1	adobe_ocg_v1	single|lo|onepg|oc1	stageA_v1_sha256order	negative_control_partial	1	adobe_11_01010c82.png	partial	860	0	0.01	0.0	0.0	0.0	0	55578	1	(1.0, 0.98, 0.76):42793;(0.93, 0.0, 0.55):5940;(0.18, 0.19, 0.57):4393;(0.94, 0.87, 0.0):1820;(0.41, 0.39, 0.0):377;(0.54, 0.81, 0.75):150	16	1																
test/uploads/080823_170844-367157.pdf	02e92659c631846a9452559da3f2eee796fd8fe8e5f556f5b4540426d3a00903	Adobe PDF library 17.00	adobe_ocg_v1	adobe_ocg_v1	single|lo|onepg|oc1	stageA_v1_sha256order	negative_control_partial	1	adobe_12_02e92659.png	partial	4660	3411	0.036	0.026	0.0	0.0	0	25715	1	(0.0, 0.68, 0.94):24758;(0.44, 0.44, 0.7):934;(0.42, 0.74, 0.27):23	39	1																
test/uploads/170223_032336-169337.pdf	0561c42ea9f5e23fd14ebe6bff12de7c1d9d247b8c8bc364f45e86ba6411d3f3	Adobe PDF library 16.07	adobe_ocg_v1	adobe_ocg_v1	nup|lo|onepg|oc1	stageA_v1_sha256order	negative_control_partial	1	adobe_13_0561c42e.png	partial	5222	3177	0.04	0.025	0.0	0.0	0	10247	1	(0.0, 0.68, 0.94):8399;(0.44, 0.44, 0.7):1322;(0.35, 0.31, 0.18):262;(0.98, 0.88, 0.56):262	22	2																
test/uploads/051122_014718-617432.pdf	05e87bc9a5d18d2bc59a8959a1514e712bd84fedacbe1ce5128284e4638a4227	Adobe PDF library 16.07	adobe_ocg_v1	adobe_ocg_v1	single|lo|onepg|oc1	stageA_v1_sha256order	negative_control_partial	1	adobe_14_05e87bc9.png	partial	3768	0	0.082	0.0	0.0	0.0	0	2755	1	(0.33, 0.72, 0.28):2755	2	1																
test/uploads/171122_020606-248418.pdf	075875c23a47931968748af8ff7d70e108cc09dbdabfb0414fd88b0b714bcf86	Adobe PDF library 15.00	adobe_ocg_v1	adobe_ocg_v1	nup|lo|onepg|oc1	stageA_v1_sha256order	negative_control_partial	1	adobe_15_075875c2.png	partial	9707	358	0.093	0.003	0.0	0.0	0	13161	1	(0.0, 0.68, 0.94):13161	42	5																
test/uploads/140922_090005-755914.pdf	0773e81b62a60ab931ccdc305d694f4de92d86829a3530a8973fc321b2fc3afc	Adobe PDF library 16.07	adobe_ocg_v1	adobe_ocg_v1	single|lo|onepg|oc0	stageA_v1_sha256order	negative_control_partial	1	adobe_16_0773e81b.png	partial	22443	0	0.212	0.0	0.0	0.0	0	0	0		374	1																
test/uploads/240723_133120-886636.pdf	099c0ffa77fad063fd32d78d230507745ce7c5b6c2138bc50751692dac77f392	Adobe PDF library 15.00	adobe_ocg_v1	adobe_ocg_v1	nup|lo|onepg|oc1	stageA_v1_sha256order	negative_control_partial	1	adobe_17_099c0ffa.png	partial	44954	3223	0.198	0.014	0.0	0.0	0	20656	1	(0.14, 0.2, 0.42):19809;(0.67, 0.88, 0.95):530;(0.9, 0.0, 0.49):317	827	6																
test/uploads/230223_074106-616418.pdf	004b0279cdd906dd2d5ecc7eaccde418f693e8855f9e967af8e0f5d6ddc0f48c	Adobe PDF library 17.00	adobe_ocg_v1	adobe_ocg_v1	nup|hi|onepg|oc0	stageA_v1_sha256order	stratified:nup|hi|onepg|oc0	1	adobe_18_004b0279.png	extracted	17014	13950	0.473	0.388	0.0	0.0	0	0	0		26	6																
test/uploads/300523_055821-378362.pdf	2fb57a9319f62ffd8b258c3637d385a2d1e5df1313d97a3ac75acd3b254ef085	Adobe PDF library 16.03	adobe_ocg_v1	adobe_ocg_v1	nup|hi|onepg|oc1	stageA_v1_sha256order	stratified:nup|hi|onepg|oc1	1	adobe_19_2fb57a93.png	extracted	13315	9984	0.452	0.339	0.0	0.0	0	683	1	(0.0, 0.65, 0.32):683;(0.93, 0.11, 0.14):0	20	4																
test/uploads/080923_105608-133399.pdf	058ae4982ba35e25908ba9c7eff8083b6d57804a2ef25bcb2e5b262f7f1ac8cb	Adobe PDF library 17.00	adobe_ocg_v1	adobe_ocg_v1	nup|lo|onepg|oc0	stageA_v1_sha256order	stratified:nup|lo|onepg|oc0	1	adobe_20_058ae498.png	extracted	8402	5153	0.092	0.056	0.0	0.0	0	1249	0	(0.44, 0.44, 0.7):934;(0.93, 0.0, 0.55):315	58	4																
test/uploads/090323_032127-942163.pdf	3139075f7bac3f2cbaf1fd94964d7a97c863fce466dc52f4f5f3e09d32890127	Adobe PDF library 16.07	adobe_ocg_v1	adobe_ocg_v1	nup|lo|onepg|oc1	stageA_v1_sha256order	stratified:nup|lo|onepg|oc1	1	adobe_21_3139075f.png	extracted	34548	5326	0.254	0.039	0.0	0.0	0	3796	1	(0.42, 0.34, 0.11):1735;(0.71, 0.77, 0.9):1392;(0.23, 0.67, 0.89):668	707	8																
test/uploads/010223_021059-233347.pdf	1555dbaa5536d15106e0587a313502f766fc06a1c785eddedb345258ddc791a1	Adobe PDF library 16.07	adobe_ocg_v1	adobe_ocg_v1	nup|mid|onepg|oc0	stageA_v1_sha256order	stratified:nup|mid|onepg|oc0	1	adobe_22_1555dbaa.png	extracted	22299	16140	0.241	0.175	0.0	0.0	0	1557	0	(0.4, 0.17, 0.57):1448;(0.93, 0.0, 0.55):81;(0.0, 0.68, 0.94):28	117	7																
test/uploads/060423_082116-208291.pdf	1a37c364f99066c1e3e0adb382a06be3d97081b06e17f530aad0213d47d21dc1	Adobe PDF library 15.00	adobe_ocg_v1	adobe_ocg_v1	nup|mid|onepg|oc1	stageA_v1_sha256order	stratified:nup|mid|onepg|oc1	1	adobe_23_1a37c364.png	extracted	27227	2733	0.308	0.031	0.0	0.0	0	5668	1	(0.87, 0.09, 0.51):5668	705	11																
test/uploads/220722_071204.pdf	05e3efb8b81a354c9518d8e967cb88fac691903a8dfb55f93b218e44ce656902	Adobe PDF library 16.00	adobe_ocg_v1	adobe_ocg_v1	single|hi|onepg|oc0	stageA_v1_sha256order	stratified:single|hi|onepg|oc0	1	adobe_24_05e3efb8.png	extracted	35011	35326	0.465	0.469	0.0	0.0	0	0	0		48	1																
test/uploads/270623_021342-108445.pdf	07412d4bb59a564333dba75fef0f0875244e81f9db66ed827f09b3efcb85e213	Adobe PDF library 17.00	adobe_ocg_v1	adobe_ocg_v1	single|lo|onepg|oc0	stageA_v1_sha256order	stratified:single|lo|onepg|oc0	1	adobe_25_07412d4b.png	extracted	1799	1508	0.12	0.1	0.0	0.0	0	0	0		3	1																
test/uploads/030323_091904-812913.pdf	12f632a53390086837c0c0063d5bc9a123f0ea8cee14abaa984e99de99bfb20f	Adobe PDF library 17.00	adobe_ocg_v1	adobe_ocg_v1	single|lo|onepg|oc1	stageA_v1_sha256order	stratified:single|lo|onepg|oc1	1	adobe_26_12f632a5.png	extracted	2722	1630	0.089	0.053	0.0	0.0	0	1970	1	(0.54, 0.78, 0.25):1050;(0.0, 0.68, 0.94):775;(0.88, 0.15, 0.15):144	41	1																
test/uploads/050123_024232-193761.pdf	0188493e4b22700619dc9ba48e310df1637ab3a23fd5d0c40a32f456107456af	Adobe PDF library 16.00	adobe_ocg_v1	adobe_ocg_v1	nup|hi|onepg|oc0	stageA_v1_sha256order	stratified:nup|hi|onepg|oc0	1	adobe_27_0188493e.png	extracted	25776	17475	0.534	0.362	0.0	0.0	0	0	0		146	6																
test/uploads/220623_094311-836036.pdf	1c5a3d16b19974b732766a5d5324f2668292bbbb0a8daa3fa917d596b6d62c41	Adobe PDF library 16.07	adobe_ocg_v1	adobe_ocg_v1	nup|lo|onepg|oc0	stageA_v1_sha256order	stratified:nup|lo|onepg|oc0	1	adobe_28_1c5a3d16.png	extracted	21517	14337	0.12	0.08	0.0	0.0	0	3057	0	(0.44, 0.44, 0.7):2645;(0.18, 0.19, 0.57):413	38	2																
test/uploads/150623_032612-613749.pdf	337fd5825ca5a51b5bcc524cda01cbe6f449c6e78a2819d41dc4bdf187ccddd7	Adobe PDF library 16.07	adobe_ocg_v1	adobe_ocg_v1	nup|lo|onepg|oc1	stageA_v1_sha256order	stratified:nup|lo|onepg|oc1	1	adobe_29_337fd582.png	extracted	9084	6129	0.111	0.075	0.0	0.0	0	1714	1	(0.44, 0.44, 0.7):1322;(0.0, 0.68, 0.94):206;(0.98, 0.69, 0.1):116;(0.0, 0.65, 0.32):69	61	4																
test/uploads/040823_123820-134962.pdf	22817a94d44a6ea0277008f397d1ee85152a2a2b8c0ebe56ee4922472e6b1418	Adobe PDF library 15.00	adobe_ocg_v1	adobe_ocg_v1	nup|mid|onepg|oc0	stageA_v1_sha256order	stratified:nup|mid|onepg|oc0	1	adobe_30_22817a94.png	extracted	32562	4277	0.299	0.039	0.0	0.0	0	418	0	(0.0, 0.65, 0.32):325;(0.62, 0.54, 0.35):93	707	11																
test/uploads/280623_182226-226791.pdf	219356f7cb196abcb12d2e5b2e671ee97b7aafdaa61b94fb8c2063887c91a8a0	Adobe PDF library 15.00	adobe_ocg_v1	adobe_ocg_v1	nup|mid|onepg|oc1	stageA_v1_sha256order	stratified:nup|mid|onepg|oc1	1	adobe_31_219356f7.png	extracted	22838	4761	0.254	0.053	0.0	0.0	0	12212	1	(0.12, 0.24, 0.48):8925;(0.44, 0.44, 0.7):1786;(0.91, 0.11, 0.18):1501;(0.42, 0.44, 0.18):0	42	7																
test/uploads/150523_072018-336857.pdf	08edc36fcdeaae7396e8ada10fa7d72609c3c0ef486f1eb1f470267076d4851b	Adobe PDF library 16.07	adobe_ocg_v1	adobe_ocg_v1	single|hi|onepg|oc0	stageA_v1_sha256order	stratified:single|hi|onepg|oc0	1	adobe_32_08edc36f.png	extracted	6671	3584	0.65	0.35	0.0	0.0	0	0	0		127	1																
test/uploads/231122_090340-282383.pdf	19292092c16439eb9ffc9da345f4e22238fc33f8fae3029673c2e17e62d4fff7	Adobe PDF library 16.04	adobe_ocg_v1	adobe_ocg_v1	single|lo|onepg|oc0	stageA_v1_sha256order	stratified:single|lo|onepg|oc0	1	adobe_33_19292092.png	extracted	1800	1508	0.039	0.033	0.0	0.0	0	0	0		2	1																
test/uploads/230223_011708-164484.pdf	15f0283f3e410a94132c6d76f14935afeb174b14910a143e72cedcec406614a0	Adobe PDF library 17.00	adobe_ocg_v1	adobe_ocg_v1	single|lo|onepg|oc1	stageA_v1_sha256order	stratified:single|lo|onepg|oc1	1	adobe_34_15f0283f.png	extracted	3996	3656	0.06	0.055	0.0	0.0	0	5405	1	(0.0, 0.68, 0.94):5405	2	1																
test/uploads/101122_084345-859662.pdf	0232dcde790a96fe97de78d3003247b27d576e5f4f1b72171996880456f44dc2	Adobe PDF library 16.00	adobe_ocg_v1	adobe_ocg_v1	nup|hi|onepg|oc0	stageA_v1_sha256order	stratified:nup|hi|onepg|oc0	1	adobe_35_0232dcde.png	extracted	44154	28960	0.565	0.371	0.0	0.0	0	0	0		244	12																
test/uploads/080923_105704-633236.pdf	1c85f2fea440f800f0f9b463ade727aacfe7cb84b0602d7d0d93186e0c7a7a40	Adobe PDF library 17.00	adobe_ocg_v1	adobe_ocg_v1	nup|lo|onepg|oc0	stageA_v1_sha256order	stratified:nup|lo|onepg|oc0	1	adobe_36_1c85f2fe.png	extracted	8402	5153	0.091	0.056	0.0	0.0	0	1249	0	(0.44, 0.44, 0.7):934;(0.93, 0.0, 0.55):315	58	4																
test/uploads/140223_025117-258864.pdf	34359c16d4a22edf390f252d77fe0ce519af08ffdb7444a148b87ab2293b369e	Adobe PDF library 15.00	adobe_ocg_v1	adobe_ocg_v1	nup|lo|onepg|oc1	stageA_v1_sha256order	stratified:nup|lo|onepg|oc1	1	adobe_37_34359c16.png	extracted	47873	8387	0.18	0.031	0.0	0.0	0	13010	1	(0.06, 0.66, 0.32):8317;(0.97, 0.81, 0.08):4693;(0.11, 0.65, 0.29):0	764	6																
test/uploads/060423_072800-469982.pdf	2905fa8bc81b6d469e000a6ea87aa5066ef863efc47e49e4872b0cb06ca3fe32	Adobe PDF library 15.00	adobe_ocg_v1	adobe_ocg_v1	nup|mid|onepg|oc0	stageA_v1_sha256order	stratified:nup|mid|onepg|oc0	1	adobe_38_2905fa8b.png	extracted	29521	3287	0.372	0.041	0.0	0.0	0	0	0	(0.74, 0.09, 0.13):0	788	11																
test/uploads/100323_030702-657018.pdf	32b315fa8856598bd25196b6fcea5bfb4c2821b83f4d2681d4aad45b8edf8617	Adobe PDF library 15.00	adobe_ocg_v1	adobe_ocg_v1	nup|mid|onepg|oc1	stageA_v1_sha256order	stratified:nup|mid|onepg|oc1	1	adobe_39_32b315fa.png	extracted	37602	4834	0.28	0.036	0.0	0.0	0	9516	1	(0.16, 0.25, 0.13):7354;(0.89, 0.01, 0.17):1231;(0.07, 0.41, 0.18):513;(0.08, 0.41, 0.18):411;(0.79, 0.62, 0.4):8	765	9																
test/uploads/230223_090718-353593.pdf	0b0c2f474e69f0bf0e60838e93302ba34e239358e1b7b8f541208f60d0c2574c	Adobe PDF library 17.00	adobe_ocg_v1	adobe_ocg_v1	single|hi|onepg|oc0	stageA_v1_sha256order	stratified:single|hi|onepg|oc0	1	adobe_40_0b0c2f47.png	extracted	25743	15343	0.559	0.333	0.0	0.0	0	0	0		237	1																
test/uploads/310123_063243-602964.pdf	31bf93103e8c738c21cacac3918c55fd4232f9d097a53f73b6fcaaeff16f0526	Adobe PDF library 16.07	adobe_ocg_v1	adobe_ocg_v1	single|lo|onepg|oc0	stageA_v1_sha256order	stratified:single|lo|onepg|oc0	1	adobe_41_31bf9310.png	extracted	5243	3246	0.079	0.049	0.0	0.0	0	1182	0	(0.44, 0.44, 0.7):934;(0.0, 0.68, 0.94):249	138	1																
test/uploads/060723_123806-314692.pdf	184ff46084a86de35982e46a60461518eda6ab5f90043570105074049f28ebc1	Adobe PDF library 17.00	adobe_ocg_v1	adobe_ocg_v1	single|lo|onepg|oc1	stageA_v1_sha256order	stratified:single|lo|onepg|oc1	1	adobe_42_184ff460.png	extracted	3643	2911	0.038	0.031	0.0	0.0	0	31958	1	(0.91, 0.74, 0.44):21815;(0.0, 0.68, 0.94):5551;(0.18, 0.16, 0.41):4591	3	1																
test/uploads/030423_082623-279648.pdf	03e9c35a130b502d3a4fd0245e880c94078b333346797b3f4a65b40692810f00	Adobe PDF library 17.00	adobe_ocg_v1	adobe_ocg_v1	nup|hi|onepg|oc0	stageA_v1_sha256order	stratified:nup|hi|onepg|oc0	1	adobe_43_03e9c35a.png	extracted	13396	5450	0.562	0.229	0.0	0.0	0	0	0		48	2																
test/uploads/290523_081512-588010.pdf	20fe290b80248fcde7537610b6b84c434f6b4e3b0afe958e43e16fb0e4dc7b36	Adobe PDF library 17.00	adobe_ocg_v1	adobe_ocg_v1	nup|lo|onepg|oc0	stageA_v1_sha256order	stratified:nup|lo|onepg|oc0	1	adobe_44_20fe290b.png	extracted	26064	11441	0.135	0.059	0.0	0.0	0	489	0	(0.65, 0.49, 0.32):489;(0.93, 0.11, 0.14):0	133	3																
test/uploads/270623_164949-467223.pdf	3795176fee8b618ba41b6faca3a18857f7766d0f9e99234b0c74af9aa71705ee	Adobe PDF library 15.00	adobe_ocg_v1	adobe_ocg_v1	nup|lo|onepg|oc1	stageA_v1_sha256order	stratified:nup|lo|onepg|oc1	1	adobe_45_3795176f.png	extracted	34966	5131	0.261	0.038	0.0	0.0	0	9943	1	(0.74, 0.62, 0.34):4524;(0.0, 0.36, 0.66):2597;(0.89, 0.01, 0.17):2112;(0.0, 0.59, 0.25):709	735	7																
test/uploads/210123_030818-178742.pdf	31cfea4690a530cfec33c1d5788493ded1920dd72190da05811585fde288f4d0	Adobe PDF library 15.00	adobe_ocg_v1	adobe_ocg_v1	nup|mid|onepg|oc0	stageA_v1_sha256order	stratified:nup|mid|onepg|oc0	1	adobe_46_31cfea46.png	extracted	31912	4498	0.311	0.044	0.0	0.0	0	299	0	(0.0, 0.59, 0.24):299;(1.0, 0.82, 0.0):0	670	11																
test/uploads/120723_112010-128169.pdf	58b5cdef97ea4806ae4962f34f160605cff90267590e69e981c691231d095eaf	Adobe PDF library 15.00	adobe_ocg_v1	adobe_ocg_v1	nup|mid|onepg|oc1	stageA_v1_sha256order	stratified:nup|mid|onepg|oc1	1	adobe_47_58b5cdef.png	extracted	43946	7178	0.309	0.051	0.0	0.0	0	3746	1	(0.95, 0.72, 0.15):3746	875	7																
test/uploads/290523_021604-652695.pdf	0b994093f0368ff26ffcb19162a86c330168010f7726b440ee4ca2aef998834f	Adobe PDF library 17.00	adobe_ocg_v1	adobe_ocg_v1	single|hi|onepg|oc0	stageA_v1_sha256order	stratified:single|hi|onepg|oc0	1	adobe_48_0b994093.png	extracted	24550	12201	0.588	0.292	0.0	0.0	0	0	0		165	1																
test/uploads/250523_084958-116854.pdf	3c31840bce061ca93523a48018087cd58d3187a26de8457ec138c7d5c3c1b653	Adobe PDF library 16.07	adobe_ocg_v1	adobe_ocg_v1	single|lo|onepg|oc0	stageA_v1_sha256order	stratified:single|lo|onepg|oc0	1	adobe_49_3c31840b.png	extracted	3751	3319	0.053	0.047	0.0	0.0	0	1166	0	(0.47, 0.43, 0.69):934;(0.89, 0.0, 0.06):232	21	1																
test/uploads/300922_022145-656597.pdf	1f967712b4c6df8162e5cde18aafeaf39880b013c7e271dbc0fe3d993a4d1d55	Adobe PDF library 16.07	adobe_ocg_v1	adobe_ocg_v1	single|lo|onepg|oc1	stageA_v1_sha256order	stratified:single|lo|onepg|oc1	1	adobe_50_1f967712.png	extracted	4863	2547	0.074	0.039	0.0	0.0	0	2554	1	(0.4, 0.17, 0.57):1280;(0.93, 0.11, 0.14):1178;(0.93, 0.0, 0.55):72;(0.0, 0.68, 0.94):25	73	1																
test/uploads/031022_093918-601311.pdf	046eef9e976dd8f7e519086246844643441a7f01f7f56677a35bf10b2e60f3da	Adobe PDF library 16.00	adobe_ocg_v1	adobe_ocg_v1	nup|hi|onepg|oc0	stageA_v1_sha256order	stratified:nup|hi|onepg|oc0	1	adobe_51_046eef9e.png	extracted	24672	12918	0.579	0.303	0.0	0.0	0	0	0		290	3																
test/uploads/030723_141325-253940.pdf	22fd488d53ac4fa82cb2fa22e570380dfbff975716a74145b39d512026de27d2	Adobe PDF library 17.00	adobe_ocg_v1	adobe_ocg_v1	nup|lo|onepg|oc0	stageA_v1_sha256order	stratified:nup|lo|onepg|oc0	1	adobe_52_22fd488d.png	extracted	3886	2194	0.06	0.034	0.0	0.0	0	1166	0	(0.44, 0.44, 0.7):934;(0.0, 0.68, 0.94):232;(0.92, 0.12, 0.15):0	14	2																
test/uploads/240822_022944-773390.pdf	40c36223c7e4a8ac21b19ff99506221ca166e94bfb619c4aa9696035e142cc95	Adobe PDF library 15.00	adobe_ocg_v1	adobe_ocg_v1	nup|lo|onepg|oc1	stageA_v1_sha256order	stratified:nup|lo|onepg|oc1	1	adobe_53_40c36223.png	extracted	9216	7904	0.062	0.054	0.0	0.0	0	3846	1	(0.12, 0.62, 0.85):2265;(0.44, 0.44, 0.7):1322;(0.0, 0.68, 0.94):206;(0.93, 0.55, 0.46):52	26	2																
test/uploads/060423_071345-489716.pdf	360bc7a072ea468932ad4921ca7803933a29c472f32980795619c1762770c8c6	Adobe PDF library 15.00	adobe_ocg_v1	adobe_ocg_v1	nup|mid|onepg|oc0	stageA_v1_sha256order	stratified:nup|mid|onepg|oc0	1	adobe_54_360bc7a0.png	extracted	27597	2911	0.387	0.041	0.0	0.0	0	0	0		678	9																
test/uploads/140723_125326-803242.pdf	69a7372c7ed54bc6b7f8f2c90bb448fba598f6908852713fe95402742f4fe6e0	Adobe PDF library 15.00	adobe_ocg_v1	adobe_ocg_v1	nup|mid|onepg|oc1	stageA_v1_sha256order	stratified:nup|mid|onepg|oc1	1	adobe_55_69a7372c.png	extracted	20523	7147	0.291	0.101	0.0	0.0	0	5377	1	(0.92, 0.17, 0.19):3361;(0.0, 0.0, 1.0):1047;(1.0, 0.0, 0.0):969	22	5																
test/uploads/231122_090400-242953.pdf	0c7937c8427a61017883af54cdf066796563a2a13705da6569ea13df91ad968e	Adobe PDF library 16.00	adobe_ocg_v1	adobe_ocg_v1	single|hi|onepg|oc0	stageA_v1_sha256order	stratified:single|hi|onepg|oc0	1	adobe_56_0c7937c8.png	extracted	23932	11459	0.58	0.278	0.0	0.0	0	0	0		195	1																
test/uploads/300623_143136-653655.pdf	52a777e9271bb25076c38f5deea1ac471f0857b018983665321050ad319d9c51	Adobe PDF library 10.01	adobe_ocg_v1	adobe_ocg_v1	single|lo|onepg|oc0	stageA_v1_sha256order	stratified:single|lo|onepg|oc0	1	adobe_57_52a777e9.png	extracted	7739	4463	0.068	0.039	0.0	0.0	0	1901	0	(0.44, 0.44, 0.7):1322;(0.54, 0.14, 0.2):398;(0.93, 0.79, 0.64):182;(0.93, 0.11, 0.14):0	36	1																
test/uploads/250823_141908-661798.PDF	3eb40d1b074f2b49cb50f78ffb1acab95c8d66c5cc3292004b0e498237385ea1	Adobe PDF library 16.07	adobe_ocg_v1	adobe_ocg_v1	single|lo|onepg|oc1	stageA_v1_sha256order	stratified:single|lo|onepg|oc1	1	adobe_58_3eb40d1b.png	extracted	2599	1844	0.064	0.045	0.0	0.0	0	1166	1	(0.44, 0.44, 0.7):934;(0.0, 0.68, 0.94):232	15	1																
test/uploads/030822_060854.pdf	04ef0a6315a441d5de90e9d6bf40ae03e5b1ab7926432f675b15a902e617bbec	Adobe PDF library 16.00	adobe_ocg_v1	adobe_ocg_v1	nup|hi|onepg|oc0	stageA_v1_sha256order	stratified:nup|hi|onepg|oc0	1	adobe_59_04ef0a63.png	extracted	10391	12777	0.369	0.454	0.0	0.0	0	0	0		21	3																
test/uploads/310823_120359-375119.pdf	2aa294a0cd2d3c4391298c12a1f980638a7ba52c142341ed91d322b1ef1edbf4	Adobe PDF library 16.07	adobe_ocg_v1	adobe_ocg_v1	nup|lo|onepg|oc0	stageA_v1_sha256order	stratified:nup|lo|onepg|oc0	1	adobe_60_2aa294a0.png	extracted	5582	5964	0.039	0.042	0.0	0.0	0	1182	0	(0.44, 0.44, 0.7):934;(0.0, 0.68, 0.94):249	5	2																
test/uploads/120922_022859-947116.PDF	1f03d82bdc7ed0b8390db6be78e797810d63f35117a54f4f97aae2b3db4db079	PackDesign 2008 by BCSI Systems BV	bcsi_packdesign_2008_v1	bcsi_packdesign_2008_v1	single|lo|onepg|oc1	stageA_v1_sha256order	threshold_near	1	bcsi_01_1f03d82b.png	extracted	2705	379	0.234	0.033	0.0	0.0	0	2589	1	(0.13, 0.26, 0.54):2181;(0.98, 0.64, 0.19):396;(0.41, 0.74, 0.27):11	5	1																
test/uploads/240723_104409-224845.PDF	967a017b7192d11cf364378b8dc90f9ce37eaf7e78cbea5b7eaafdf25ab6d14b	PackDesign 2008 by BCSI Systems BV	bcsi_packdesign_2008_v1	bcsi_packdesign_2008_v1	single|lo|onepg|oc0	stageA_v1_sha256order	threshold_near	1	bcsi_02_967a017b.png	extracted	2258	430	0.2	0.038	0.0	0.0	0	69	0	(0.92, 0.03, 0.55):58;(0.41, 0.74, 0.27):11	6	1																
test/uploads/060223_065823-519685.PDF	00a74be9522edf4843afaa1b6ccba187143527016c3429c932b113973a5db060	PackDesign 2008 by BCSI Systems BV	bcsi_packdesign_2008_v1	bcsi_packdesign_2008_v1	nup|mid|onepg|oc1	stageA_v1_sha256order	negative_control_partial	1	bcsi_03_00a74be9.png	partial	2951	0	0.542	0.0	0.199	9.9	0	385	1	(0.88, 0.5, 0.0):384;(0.0, 0.0, 0.5):0	3	3																
test/uploads/071022_035402-701531.pdf	02bfe5bac487277e51ab68d8473c302651f29f3746bdd6da5f29bb526bdee2c6	PackDesign 2008 by BCSI Systems BV	bcsi_packdesign_2008_v1	bcsi_packdesign_2008_v1	single|hi|onepg|oc0	stageA_v1_sha256order	negative_control_partial	1	bcsi_04_02bfe5ba.png	partial	23980	0	0.804	0.0	0.0	9.9	0	0	0		40	1																
test/uploads/300622_073519.pdf	0308edcd7af31d06349e6f3eb29653fb03bfd2510566397e3e73e5c2209de762	PackDesign 2008 by BCSI Systems BV	bcsi_packdesign_2008_v1	bcsi_packdesign_2008_v1	nup|mid|onepg|oc1	stageA_v1_sha256order	negative_control_partial	1	bcsi_05_0308edcd.png	partial	23252	0	0.471	0.0	0.199	9.9	0	20776	1	(0.38, 0.38, 1.0):20776	12	6																
test/uploads/170423_024016-507283.PDF	045afdbc8485084d9310501c506c1195a76353f2626fb0e17539f7af2efb8ef1	PackDesign 2008 by BCSI Systems BV	bcsi_packdesign_2008_v1	bcsi_packdesign_2008_v1	single|lo|onepg|oc1	stageA_v1_sha256order	negative_control_partial	1	bcsi_06_045afdbc.png	partial	0	1836	0.0	0.235	9.9	0.085	0	2838	1	(0.64, 0.15, 0.17):2838	0	0																
test/uploads/270423_091310-384487.PDF	04ada5793757cb84018d938b797d3ba493a280265166289478795ae06cb51d30	PackDesign 2008 by BCSI Systems BV	bcsi_packdesign_2008_v1	bcsi_packdesign_2008_v1	single|lo|onepg|oc0	stageA_v1_sha256order	negative_control_partial	1	bcsi_07_04ada579.png	partial	43	838	0.004	0.085	0.0	0.0	0	40	0	(0.92, 0.03, 0.55):40	1	1																
test/uploads/080223_012108-951716.PDF	06095948e472478fda6a6711efebc13ef42376a44781327d0df07899bdb21862	PackDesign 2008 by BCSI Systems BV	bcsi_packdesign_2008_v1	bcsi_packdesign_2008_v1	single|lo|onepg|oc0	stageA_v1_sha256order	negative_control_partial	1	bcsi_08_06095948.png	partial	3606	43	0.291	0.003	0.0	0.082	0	43	0	(0.92, 0.03, 0.55):43	2	1																
test/uploads/110223_013445-114333.pdf	00c5aeebcf9a8aa85575a15c00c090d6a8d87a6eccca4caec580490e936362d9	PackDesign 2008 by BCSI Systems BV	bcsi_packdesign_2008_v1	bcsi_packdesign_2008_v1	nup|hi|onepg|oc0	stageA_v1_sha256order	stratified:nup|hi|onepg|oc0	1	bcsi_09_00c5aeeb.png	extracted	16469	9591	0.485	0.282	0.0	0.0	0	673	0	(0.92, 0.03, 0.55):673	3	3																
test/uploads/191022_013136-364215.pdf	02f155b93163ee5a8c25f86d6f87f259c7868048cfb467641e53aa92b9b89d1a	PackDesign 2008 by BCSI Systems BV	bcsi_packdesign_2008_v1	bcsi_packdesign_2008_v1	nup|hi|onepg|oc1	stageA_v1_sha256order	stratified:nup|hi|onepg|oc1	1	bcsi_10_02f155b9.png	extracted	25737	29169	0.388	0.44	0.0	0.0	0	4287	1	(0.73, 0.32, 0.62):4287	8	8																
test/uploads/240523_091409-312656.PDF	6035f300bac66a26fe65b3d39ef9b7d5feb0e5c113709ebaaae77f2257030382	PackDesign 2008 by BCSI Systems BV	bcsi_packdesign_2008_v1	bcsi_packdesign_2008_v1	nup|lo|onepg|oc0	stageA_v1_sha256order	stratified:nup|lo|onepg|oc0	1	bcsi_11_6035f300.png	extracted	2836	1826	0.174	0.112	0.0	0.0	0	141	0	(0.92, 0.03, 0.55):141	4	2																
test/uploads/300623_171029-816659.PDF	01b647ef8ff43f064d4f2e946014da9474d58618a97039b2090ca6770978fad0	PackDesign 2008 by BCSI Systems BV	bcsi_packdesign_2008_v1	bcsi_packdesign_2008_v1	nup|mid|onepg|oc0	stageA_v1_sha256order	stratified:nup|mid|onepg|oc0	1	bcsi_12_01b647ef.png	extracted	1879	1448	0.33	0.254	0.007	0.005	0	0	0		3	3																
test/uploads/270623_012526-456382.PDF	056fe1ccb1265abf13a178dc69acf3d99a83425f072f0f033e9fbd75efc6af00	PackDesign 2008 by BCSI Systems BV	bcsi_packdesign_2008_v1	bcsi_packdesign_2008_v1	nup|mid|onepg|oc1	stageA_v1_sha256order	stratified:nup|mid|onepg|oc1	1	bcsi_13_056fe1cc.png	extracted	11345	6150	0.291	0.158	0.0	0.0	0	940	1	(0.92, 0.03, 0.55):793;(0.73, 0.32, 0.62):102;(0.41, 0.74, 0.27):45	16	3																
test/uploads/181122_052959-216345.PDF	00439a90d473cf9bd56223efef812f9acc7b7d3679000bc11161605e4dd9c174	PackDesign 2008 by BCSI Systems BV	bcsi_packdesign_2008_v1	bcsi_packdesign_2008_v1	single|hi|onepg|oc0	stageA_v1_sha256order	stratified:single|hi|onepg|oc0	1	bcsi_14_00439a90.png	extracted	12181	9560	0.354	0.278	0.0	0.0	0	508	0	(0.88, 0.51, 0.15):507;(0.16, 0.16, 0.45):1	6	1																
test/uploads/210622_083058.pdf	1efd4b0386b7a7802324d7646f21313ef764f50001eed875e21273b95befb578	PackDesign 2008 by BCSI Systems BV	bcsi_packdesign_2008_v1	bcsi_packdesign_2008_v1	single|hi|onepg|oc1	stageA_v1_sha256order	stratified:single|hi|onepg|oc1	1	bcsi_15_1efd4b03.png	extracted	11148	6712	0.448	0.27	0.0	0.0	0	710	1	(0.88, 0.51, 0.15):709;(0.16, 0.16, 0.45):1	1	1																
test/uploads/100523_021353-825315.PDF	22c1232f909b4147a58de5389afe700f7fa79b17a2f842ad4cf3f9bdd1df0e40	PackDesign 2008 by BCSI Systems BV	bcsi_packdesign_2008_v1	bcsi_packdesign_2008_v1	single|lo|onepg|oc0	stageA_v1_sha256order	stratified:single|lo|onepg|oc0	1	bcsi_16_22c1232f.png	extracted	1790	1066	0.167	0.1	0.0	0.0	0	80	0	(0.92, 0.03, 0.55):80	2	1																
test/uploads/060423_083157-896068.PDF	e9fb6089228ba17521b7dfa8a37cd4344d06a1090097bcf2313c2561f1f490c1	PackDesign 2008 by BCSI Systems BV	bcsi_packdesign_2008_v1	bcsi_packdesign_2008_v1	single|lo|onepg|oc1	stageA_v1_sha256order	stratified:single|lo|onepg|oc1	1	bcsi_17_e9fb6089.png	extracted	1334	1019	0.158	0.121	0.0	0.0	0	303	1	(0.41, 0.74, 0.27):272;(0.92, 0.03, 0.55):31	26	1																
test/uploads/260423_072439-698312.PDF	0021064a0e7e9b663e407490e22c22cc81c8ea6bedd46efad60cc25b1e440747	PackDesign 2008 by BCSI Systems BV	bcsi_packdesign_2008_v1	bcsi_packdesign_2008_v1	single|mid|onepg|oc0	stageA_v1_sha256order	stratified:single|mid|onepg|oc0	1	bcsi_18_0021064a.png	extracted	8733	6306	0.279	0.202	0.0	0.0	0	69	0	(0.92, 0.03, 0.55):69	6	1																
test/uploads/170723_170346-672365.PDF	03c20fbe99f78065451c5ae240af401302ef9e91874310275a11f224aac30927	PackDesign 2008 by BCSI Systems BV	bcsi_packdesign_2008_v1	bcsi_packdesign_2008_v1	single|mid|onepg|oc1	stageA_v1_sha256order	stratified:single|mid|onepg|oc1	1	bcsi_19_03c20fbe.png	extracted	7547	5405	0.213	0.152	0.0	0.0	0	4372	1	(0.73, 0.32, 0.62):3347;(0.92, 0.03, 0.55):980;(0.41, 0.74, 0.27):45	6	1																
test/uploads/160323_075444-134176.PDF	00e511fbd11004e8ac5c4d7d3f09c4164f59adae56a0ce497416579f1299cb7d	PackDesign 2008 by BCSI Systems BV	bcsi_packdesign_2008_v1	bcsi_packdesign_2008_v1	nup|hi|onepg|oc0	stageA_v1_sha256order	stratified:nup|hi|onepg|oc0	1	bcsi_20_00e511fb.png	extracted	13860	3739	0.494	0.133	0.03	0.079	0	0	0		6	3																
test/uploads/090523_072439-148287.pdf	0441e7836c474152e58b0cbeff88b3dcbb61e19b44fe804dd7f30e541d750e74	PackDesign 2008 by BCSI Systems BV	bcsi_packdesign_2008_v1	bcsi_packdesign_2008_v1	nup|hi|onepg|oc1	stageA_v1_sha256order	stratified:nup|hi|onepg|oc1	1	bcsi_21_0441e783.png	extracted	12323	8533	0.369	0.256	0.0	0.0	0	6008	1	(0.73, 0.32, 0.62):6008	6	2																
test/uploads/250523_071231-642724.PDF	71507c58fa16d6ccbccae2fd887894fd4283ad783b4850bf7d8fb8bda28d5853	PackDesign 2008 by BCSI Systems BV	bcsi_packdesign_2008_v1	bcsi_packdesign_2008_v1	nup|lo|onepg|oc0	stageA_v1_sha256order	stratified:nup|lo|onepg|oc0	1	bcsi_22_71507c58.png	extracted	1811	938	0.159	0.082	0.0	0.0	0	34	0	(0.92, 0.03, 0.55):34	3	2																
test/uploads/270323_034845-437398.PDF	02757e54e5eba844fe7dddc4d6e05ef6004fd1360b30a56712f9b99bab3e1cfc	PackDesign 2008 by BCSI Systems BV	bcsi_packdesign_2008_v1	bcsi_packdesign_2008_v1	nup|mid|onepg|oc0	stageA_v1_sha256order	stratified:nup|mid|onepg|oc0	1	bcsi_23_02757e54.png	extracted	10038	6301	0.264	0.166	0.0	0.0	0	217	0	(0.92, 0.03, 0.55):217	10	2																
test/uploads/160623_015130-765191.PDF	06cd4f450e03737175fc6bbd2ce0fc076d835674cdf5aa3db497e1b987061140	PackDesign 2008 by BCSI Systems BV	bcsi_packdesign_2008_v1	bcsi_packdesign_2008_v1	nup|mid|onepg|oc1	stageA_v1_sha256order	stratified:nup|mid|onepg|oc1	1	bcsi_24_06cd4f45.png	extracted	10801	7189	0.218	0.145	0.0	0.0	0	4835	1	(0.73, 0.32, 0.62):4456;(0.92, 0.03, 0.55):379	4	2																
test/uploads/200723_095721-484069.PDF	01659fd48b637868b4bcede56e9b4cae3d27b2ff20ac13b10f4a5c772a703baf	PackDesign 2008 by BCSI Systems BV	bcsi_packdesign_2008_v1	bcsi_packdesign_2008_v1	single|hi|onepg|oc0	stageA_v1_sha256order	stratified:single|hi|onepg|oc0	1	bcsi_25_01659fd4.png	extracted	6780	4136	0.378	0.231	0.026	0.006	0	45	0	(0.0, 1.0, 0.0):45	6	1																
test/uploads/200723_112926-831449.PDF	42785b73dc4ad0d5db8ab82b8f75fac2e3e405c15d179a7070a984239229e8a3	PackDesign 2008 by BCSI Systems BV	bcsi_packdesign_2008_v1	bcsi_packdesign_2008_v1	single|hi|onepg|oc1	stageA_v1_sha256order	stratified:single|hi|onepg|oc1	1	bcsi_26_42785b73.png	extracted	13417	8657	0.393	0.254	0.026	0.006	0	2019	1	(0.0, 1.0, 0.26):2019	11	1																
test/uploads/280223_080043-752158.PDF	2c6baef5b876acb515dda914c2d0b2faa5d5672aa8cf41bfc4b888afecf6cf4b	PackDesign 2008 by BCSI Systems BV	bcsi_packdesign_2008_v1	bcsi_packdesign_2008_v1	single|lo|onepg|oc0	stageA_v1_sha256order	stratified:single|lo|onepg|oc0	1	bcsi_27_2c6baef5.png	extracted	4403	936	0.244	0.052	0.0	0.0	0	83	0	(0.92, 0.03, 0.55):83	2	1																
test/uploads/270423_043156-611529.PDF	0080dc0fdf6c0f28d240ab1829e29c13939a4df0c060d81a1f10c568ac1bfec2	PackDesign 2008 by BCSI Systems BV	bcsi_packdesign_2008_v1	bcsi_packdesign_2008_v1	single|mid|onepg|oc0	stageA_v1_sha256order	stratified:single|mid|onepg|oc0	1	bcsi_28_0080dc0f.png	extracted	2626	1469	0.273	0.153	0.03	0.079	0	0	0		4	1																
test/uploads/301122_004208-315780.PDF	05b65dc051def9597a16d7e3a06bc5f97b06936784bd7127546fd26a56724024	PackDesign 2008 by BCSI Systems BV	bcsi_packdesign_2008_v1	bcsi_packdesign_2008_v1	single|mid|onepg|oc1	stageA_v1_sha256order	stratified:single|mid|onepg|oc1	1	bcsi_29_05b65dc0.png	extracted	2623	733	0.285	0.08	0.0	0.0	0	2216	1	(0.13, 0.26, 0.54):2205;(0.41, 0.74, 0.27):11	7	1																
test/uploads/160623_021951-527648.PDF	0113b80a9fefc53b58c34e4949cb4f012fe342eff2de0210a7983ce521a9737b	PackDesign 2008 by BCSI Systems BV	bcsi_packdesign_2008_v1	bcsi_packdesign_2008_v1	nup|hi|onepg|oc0	stageA_v1_sha256order	stratified:nup|hi|onepg|oc0	1	bcsi_30_0113b80a.png	extracted	11932	8246	0.381	0.264	0.007	0.005	0	277	0	(0.0, 1.0, 0.0):277	18	3																
test/uploads/070423_084650-802968.pdf	058de23fc2d44a0cab24e8fe6c3e61df6d47a964f36f7942d1c7d67c960f3730	PackDesign 2008 by BCSI Systems BV	bcsi_packdesign_2008_v1	bcsi_packdesign_2008_v1	nup|hi|onepg|oc1	stageA_v1_sha256order	stratified:nup|hi|onepg|oc1	1	bcsi_31_058de23f.png	extracted	29903	19617	0.468	0.307	0.0	0.0	0	8538	1	(0.73, 0.32, 0.62):5437;(0.92, 0.03, 0.55):3101	108	6																
test/uploads/150523_014938-172319.PDF	c19efe3e025985437145e54c396b05a4ecc265ce8ae6190b628b144830153e00	PackDesign 2008 by BCSI Systems BV	bcsi_packdesign_2008_v1	bcsi_packdesign_2008_v1	nup|lo|onepg|oc0	stageA_v1_sha256order	stratified:nup|lo|onepg|oc0	1	bcsi_32_c19efe3e.png	extracted	1836	1138	0.171	0.106	0.0	0.0	0	80	0	(0.92, 0.03, 0.55):80	3	2																
test/uploads/010423_090530-896215.PDF	03a3bcb44c10cbea844b827abc5796da30498bcceba580c694a08e764d200261	PackDesign 2008 by BCSI Systems BV	bcsi_packdesign_2008_v1	bcsi_packdesign_2008_v1	nup|mid|onepg|oc0	stageA_v1_sha256order	stratified:nup|mid|onepg|oc0	1	bcsi_33_03a3bcb4.png	extracted	5239	3194	0.24	0.146	0.0	0.0	0	89	0	(0.92, 0.03, 0.55):89	3	2																
test/uploads/200723_164008-787145.PDF	077fa09d4b43bc24bebcddf1dea65928fc1ed81edd1853719301655c1d23fe06	PackDesign 2008 by BCSI Systems BV	bcsi_packdesign_2008_v1	bcsi_packdesign_2008_v1	nup|mid|onepg|oc1	stageA_v1_sha256order	stratified:nup|mid|onepg|oc1	1	bcsi_34_077fa09d.png	extracted	7723	4525	0.226	0.132	0.0	0.0	0	2899	1	(0.73, 0.32, 0.62):2668;(0.92, 0.03, 0.55):231	4	2																
test/uploads/280123_004904-707114.pdf	026a61b967caaf6db5afb8d812040b8d472c1f89c4bf9dfe934ca2f79d1a08eb	PackDesign 2008 by BCSI Systems BV	bcsi_packdesign_2008_v1	bcsi_packdesign_2008_v1	single|hi|onepg|oc0	stageA_v1_sha256order	stratified:single|hi|onepg|oc0	1	bcsi_35_026a61b9.png	extracted	26388	28114	0.437	0.466	0.0	0.0	0	0	0		18	1																
test/uploads/100223_041249-728822.pdf	481b054d1d9720277416b4b9e7326fe13a756abe57811ccf27165023660fd612	PackDesign 2008 by BCSI Systems BV	bcsi_packdesign_2008_v1	bcsi_packdesign_2008_v1	single|hi|onepg|oc1	stageA_v1_sha256order	stratified:single|hi|onepg|oc1	1	bcsi_36_481b054d.png	extracted	22039	16485	0.484	0.362	0.0	0.0	0	1181	1	(0.92, 0.03, 0.55):772;(0.41, 0.74, 0.27):408	54	1																
test/uploads/100523_012059-916332.PDF	432ea2318a4df5f0fc533b4baf8faf5b7810dade91b5c649dcbb438a0c1bd0fa	PackDesign 2008 by BCSI Systems BV	bcsi_packdesign_2008_v1	bcsi_packdesign_2008_v1	single|lo|onepg|oc0	stageA_v1_sha256order	stratified:single|lo|onepg|oc0	1	bcsi_37_432ea231.png	extracted	1890	1145	0.177	0.107	0.0	0.0	0	82	0	(0.92, 0.03, 0.55):82	3	1																
test/uploads/220223_005918-192920.PDF	0096fe7f2dc5dfa89fc8c674dff15b7a3c5b27a7ab5f2b5a0dd9fc8d19bf7796	PackDesign 2008 by BCSI Systems BV	bcsi_packdesign_2008_v1	bcsi_packdesign_2008_v1	single|mid|onepg|oc0	stageA_v1_sha256order	stratified:single|mid|onepg|oc0	1	bcsi_38_0096fe7f.png	extracted	5886	4118	0.234	0.163	0.0	0.0	0	43	0	(0.92, 0.03, 0.55):43	5	1																
test/uploads/F009744 4223521 SIDEGRA (SIDENAFIL) TABLETS 100 MG 1X4 TABLETS_120422_161337.PDF	0b6a66b65813e5d544ffd2a40fae5ca70d76a14bf0d7b1b51266f3df3ce65132	PackDesign 2008 by BCSI Systems BV	bcsi_packdesign_2008_v1	bcsi_packdesign_2008_v1	single|mid|onepg|oc1	stageA_v1_sha256order	stratified:single|mid|onepg|oc1	1	bcsi_39_0b6a66b6.png	extracted	2033	1697	0.231	0.192	0.0	0.0	0	1651	1	(0.13, 0.26, 0.54):1651	2	1																
test/uploads/030623_041049-469497.pdf	01aed3009a55c07dd2cfc686b15ba967fe15efe518f73651f9b43c0a93245279	PackDesign 2008 by BCSI Systems BV	bcsi_packdesign_2008_v1	bcsi_packdesign_2008_v1	nup|hi|onepg|oc0	stageA_v1_sha256order	stratified:nup|hi|onepg|oc0	1	bcsi_40_01aed300.png	extracted	35640	17956	0.595	0.3	0.0	0.0	0	458	0	(0.92, 0.03, 0.55):458	38	6																
test/uploads/210423_072317-664139.pdf	06786cf41bd5fdedf08e2b517800fbf02c9f6d161b0ee50692f22d5a1d2c43eb	PackDesign 2008 by BCSI Systems BV	bcsi_packdesign_2008_v1	bcsi_packdesign_2008_v1	nup|hi|onepg|oc1	stageA_v1_sha256order	stratified:nup|hi|onepg|oc1	1	bcsi_41_06786cf4.png	extracted	23541	20131	0.44	0.376	0.0	0.0	0	2370	1	(0.92, 0.03, 0.55):2279;(0.41, 0.74, 0.27):91	26	4																
test/uploads/100223_043234-498390.PDF	e6cf5efd488e28daa4d635679a128ba9f2300f1096d23be1d4d0bee0098fe6f8	PackDesign 2008 by BCSI Systems BV	bcsi_packdesign_2008_v1	bcsi_packdesign_2008_v1	nup|lo|onepg|oc0	stageA_v1_sha256order	stratified:nup|lo|onepg|oc0	1	bcsi_42_e6cf5efd.png	extracted	1868	1403	0.166	0.125	0.0	0.0	0	128	0	(0.92, 0.03, 0.55):94;(0.41, 0.74, 0.27):34	6	2																
test/uploads/030822_055754.PDF	03d01370829eacce4639bf43c190aa4258d6b4e94427fd9969283f0b2eba9cc1	PackDesign 2008 by BCSI Systems BV	bcsi_packdesign_2008_v1	bcsi_packdesign_2008_v1	nup|mid|onepg|oc0	stageA_v1_sha256order	stratified:nup|mid|onepg|oc0	1	bcsi_43_03d01370.png	extracted	10665	10692	0.285	0.286	0.041	0.083	0	643	0	(0.0, 1.0, 0.0):643;(0.0, 0.0, 0.5):1	3	2																
test/uploads/200323_093033-836512.PDF	080667fb861cd1421641dcf39a1795a2360c334dd0dbbfedad18163d9d60678c	PackDesign 2008 by BCSI Systems BV	bcsi_packdesign_2008_v1	bcsi_packdesign_2008_v1	nup|mid|onepg|oc1	stageA_v1_sha256order	stratified:nup|mid|onepg|oc1	1	bcsi_44_080667fb.png	extracted	7305	4369	0.226	0.135	0.0	0.0	0	932	1	(0.92, 0.03, 0.55):887;(0.41, 0.74, 0.27):45	12	3																
test/uploads/170423_021013-325149.PDF	054352a18871d7ea067d260f2876162a9a30474666ebcf5bddbe4f05a8d4a586	PackDesign 2008 by BCSI Systems BV	bcsi_packdesign_2008_v1	bcsi_packdesign_2008_v1	single|hi|onepg|oc0	stageA_v1_sha256order	stratified:single|hi|onepg|oc0	1	bcsi_45_054352a1.png	extracted	5737	4405	0.361	0.277	0.03	0.079	0	0	0		125	1																
test/uploads/070922_060808-496590.pdf	4a77e06d0f3eb896bde69a5b0bbb3d0279c43e7acfec7d3282507efcdddd3256	PackDesign 2008 by BCSI Systems BV	bcsi_packdesign_2008_v1	bcsi_packdesign_2008_v1	single|hi|onepg|oc1	stageA_v1_sha256order	stratified:single|hi|onepg|oc1	1	bcsi_46_4a77e06d.png	extracted	10789	9639	0.328	0.293	0.03	0.079	0	804	1	(0.0, 1.0, 0.0):803;(0.0, 0.0, 0.5):1	2	1																
test/uploads/210223_031251-588932.PDF	4f21e6335e1efe36adb72f341e978ef99639f996915b511e9803a5f79c7538f5	PackDesign 2008 by BCSI Systems BV	bcsi_packdesign_2008_v1	bcsi_packdesign_2008_v1	single|lo|onepg|oc0	stageA_v1_sha256order	stratified:single|lo|onepg|oc0	1	bcsi_47_4f21e633.png	extracted	1702	698	0.192	0.079	0.0	0.0	0	48	0	(0.92, 0.03, 0.55):48	2	1																
test/uploads/230523_062925-895282.PDF	00f27f08393596e9b42d2a4c29944a20407931c641ee432fbcb0b222a47bd001	PackDesign 2008 by BCSI Systems BV	bcsi_packdesign_2008_v1	bcsi_packdesign_2008_v1	single|mid|onepg|oc0	stageA_v1_sha256order	stratified:single|mid|onepg|oc0	1	bcsi_48_00f27f08.png	extracted	8178	4154	0.306	0.155	0.0	0.0	0	271	0	(0.92, 0.03, 0.55):271	2	1																
test/uploads/110223_014513-299765.PDF	0c8ece556d24fa83bdc038f7c74851b7c6d72c91179adf9762eb02cba7f2cf35	PackDesign 2008 by BCSI Systems BV	bcsi_packdesign_2008_v1	bcsi_packdesign_2008_v1	single|mid|onepg|oc1	stageA_v1_sha256order	stratified:single|mid|onepg|oc1	1	bcsi_49_0c8ece55.png	extracted	9155	4383	0.292	0.14	0.0	0.0	0	1306	1	(0.73, 0.32, 0.62):1041;(0.92, 0.03, 0.55):264	10	1																
test/uploads/030822_022034.pdf	024ce37c8ecab26d73437723e2e8f27218038a40e11b86e0e1f3bfe9676958c6	PackDesign 2008 by BCSI Systems BV	bcsi_packdesign_2008_v1	bcsi_packdesign_2008_v1	nup|hi|onepg|oc0	stageA_v1_sha256order	stratified:nup|hi|onepg|oc0	1	bcsi_50_024ce37c.png	extracted	11704	11009	0.402	0.378	0.0	0.0	0	529	0	(0.88, 0.51, 0.15):529;(0.16, 0.16, 0.45):1	16	6																
test/uploads/221122_063816-879870.pdf	0953a1d39344a199c73083d3ec2bfc1f1bad3cc1fcf17c411f1e0547ba246afe	PackDesign 2008 by BCSI Systems BV	bcsi_packdesign_2008_v1	bcsi_packdesign_2008_v1	nup|hi|onepg|oc1	stageA_v1_sha256order	stratified:nup|hi|onepg|oc1	1	bcsi_51_0953a1d3.png	extracted	19004	8933	0.549	0.258	0.0	0.0	0	839	1	(0.88, 0.51, 0.15):838;(0.16, 0.16, 0.45):1	26	4																
test/uploads/010922_064032-574674.PDF	05d6b9e207134e8cdff25efcc92bb6018b5fb34ed026b0e8ff32c2560981ca58	PackDesign 2008 by BCSI Systems BV	bcsi_packdesign_2008_v1	bcsi_packdesign_2008_v1	nup|mid|onepg|oc0	stageA_v1_sha256order	stratified:nup|mid|onepg|oc0	1	bcsi_52_05d6b9e2.png	extracted	5022	3152	0.358	0.225	0.0	0.0	0	0	0		6	5																
test/uploads/070623_020908-515036.PDF	0bc938b1c2b740e5262e2fbd0123e1394b734be55dc22da19d967eb432696d51	PackDesign 2008 by BCSI Systems BV	bcsi_packdesign_2008_v1	bcsi_packdesign_2008_v1	nup|mid|onepg|oc1	stageA_v1_sha256order	stratified:nup|mid|onepg|oc1	1	bcsi_53_0bc938b1.png	extracted	6693	4700	0.234	0.164	0.0	0.0	0	768	1	(0.92, 0.03, 0.55):745;(0.41, 0.74, 0.27):23	8	3																
test/uploads/100523_012108-409110.pdf	07779a019d302ab14a2a6e77c5c88de1afefb3f24bdb7617d8440a04798a1829	PackDesign 2008 by BCSI Systems BV	bcsi_packdesign_2008_v1	bcsi_packdesign_2008_v1	single|hi|onepg|oc0	stageA_v1_sha256order	stratified:single|hi|onepg|oc0	1	bcsi_54_07779a01.png	extracted	22323	13403	0.529	0.317	0.0	0.0	0	653	0	(0.92, 0.03, 0.55):653	15	1																
test/uploads/041122_065748-519292.pdf	5d72174dd2f46358174bc631dafa2257b7f6e2f10639ba7dfb44ccaabfdc8557	PackDesign 2008 by BCSI Systems BV	bcsi_packdesign_2008_v1	bcsi_packdesign_2008_v1	single|hi|onepg|oc1	stageA_v1_sha256order	stratified:single|hi|onepg|oc1	1	bcsi_55_5d72174d.png	extracted	9320	5190	0.432	0.241	0.0	0.0	0	1200	1	(0.88, 0.51, 0.15):1199;(0.16, 0.16, 0.45):1	1	1																
test/uploads/210823_180836-552063.PDF	84b39f813082b2bea06fd7f3f34b2e425edae7e40f6f1c5f8bd3e562613058d6	PackDesign 2008 by BCSI Systems BV	bcsi_packdesign_2008_v1	bcsi_packdesign_2008_v1	single|lo|onepg|oc0	stageA_v1_sha256order	stratified:single|lo|onepg|oc0	1	bcsi_56_84b39f81.png	extracted	1787	680	0.195	0.074	0.0	0.0	0	32	0	(0.92, 0.03, 0.55):32	2	1																
test/uploads/170822_061739-902860.PDF	00f387f55540fb6772386316fbdc406220fc1db2a055c9dd8322f4ab22da719c	PackDesign 2008 by BCSI Systems BV	bcsi_packdesign_2008_v1	bcsi_packdesign_2008_v1	single|mid|onepg|oc0	stageA_v1_sha256order	stratified:single|mid|onepg|oc0	1	bcsi_57_00f387f5.png	extracted	10811	5597	0.33	0.171	0.0	0.0	0	0	0		2	1																
test/uploads/260123_021605-328211.pdf	177808b7f79173c4ca1d19ea8a86456f23b3b915e27688961e00abe35b7d3df5	PackDesign 2008 by BCSI Systems BV	bcsi_packdesign_2008_v1	bcsi_packdesign_2008_v1	single|mid|onepg|oc1	stageA_v1_sha256order	stratified:single|mid|onepg|oc1	1	bcsi_58_177808b7.png	extracted	4088	2604	0.272	0.174	0.0	0.0	0	1951	1	(0.13, 0.26, 0.54):1929;(0.41, 0.74, 0.27):23	4	1																
test/uploads/200423_063238-407665.pdf	038027a34465193c4a556f57b59708a3028690b9b180d150cb084460df45e8fe	PackDesign 2008 by BCSI Systems BV	bcsi_packdesign_2008_v1	bcsi_packdesign_2008_v1	nup|hi|onepg|oc0	stageA_v1_sha256order	stratified:nup|hi|onepg|oc0	1	bcsi_59_038027a3.png	extracted	23370	10987	0.552	0.26	0.0	0.0	0	821	0	(0.92, 0.03, 0.55):821	4	4																
test/uploads/251122_070320-962528.pdf	0b74066594c002dd6953b4c50f048a4f5c4b130a1b34883313f3490b98ec0148	PackDesign 2008 by BCSI Systems BV	bcsi_packdesign_2008_v1	bcsi_packdesign_2008_v1	nup|hi|onepg|oc1	stageA_v1_sha256order	stratified:nup|hi|onepg|oc1	1	bcsi_60_0b740665.png	extracted	22175	15338	0.489	0.338	0.0	0.0	0	1271	1	(0.88, 0.51, 0.15):1270;(0.16, 0.16, 0.45):1	23	5																
